[
  {"username": "武豊", "userid": "@Xxyutaka-maxX", "usericon": "image/megane.jpg", "heart": 5, "rewave": 3, "time": "1分", "maincontent": "アメ車結構ださいンゴねｗｗｗｗｗｗこれなら俺の方がｶｯｺｲｲタケ車つくれますねｗｗ"},
  {"username": "よしまんTV", "userid": "@_yosshi1234_", "usericon": "image/usagi.png", "heart": 8, "rewave": 2, "time": "8分", "maincontent": "ファアアアアアアアアアアアアアアアアアアアアアアアアアアアアアアアアアアアアアアアアアアアアアア"},
  {"username": "♡工藤新一＠蘭しか勝たん♡", "userid": "@shinnichi", "usericon": "image/kudou.png", "heart": 10, "rewave": 1, "time": "10分", "maincontent": "今日も事件解決してきたぜまじで俺いなかったら日本終わってるレベル"},
  {"username": "白浜", "userid": "@white__beach__", "usericon": "image/shining.png", "heart": 15, "rewave": 4, "time": "39分", "maincontent": "<img class=\"sampleimg\" src=\"image/beach.png\" alt=\"picture\">"},
  {"username": "ホッシー＠APEXガチ勢", "userid": "@hosshi45451911111111119", "usericon": "image/hukurou.png", "heart": 12, "rewave": 7, "time": "1時間", "maincontent": "友達と一緒に帰ってたのに気づいたら俺だけ知らん人の後ろについていってて草"},
  {"username": "まさき", "userid": "@masamasa", "usericon": "image/tabako.png", "heart": 6, "rewave": 2, "time": "2時間", "maincontent": "まだタバコ吸ってるやついて草もう食う時代だってのに、いつの令和の人だよ☠☠"},
  {"username": "坂口", "userid": "@sakaguCChi", "usericon": "image/akahon.png", "heart": 9, "rewave": 3, "time": "2時間", "maincontent": "赤本はいつみても美しい手にとっても触り心地最高ﾍﾟﾛﾍﾟﾛ"},
  {"username": "カワカワハラハラ", "userid": "@hyarahyara", "usericon": "image/oon.png", "heart": 20, "rewave": 10, "time": "2時間", "maincontent": "LoLの民度低すぎLoLの民度低すぎLoLの民度低すぎLoLの民度低すぎLoLの民度低すぎLoLの民度低すぎLoLの民度低すぎLoLの民度低すぎLoLの民度低すぎLoLの民度低すぎLoLの民度低すぎLoLの民度低すぎLoLの民度低すぎ"},
  {"username": "ペクシス", "userid": "@tosshi3333", "usericon": "image/discordicon.png", "heart": 8, "rewave": 5, "time": "3時間", "maincontent": "いつまでテストデータ作ればいいんだ？"},
  {"username": "ツッタカダーｗｗ", "userid": "@tuttakatuttaka", "usericon": "image/maru.png", "heart": 15, "rewave": 8, "time": "3時間", "maincontent": "初カキコ…ども…俺みたいな中3でグロ見てる腐れ野郎、他に、いますかっていねーか、はは今日のクラスの会話 あの流行りの曲かっこいい とか あの服ほしい とか ま、それが普通ですわな かたや俺は電子の砂漠で死体を見て、呟くんすわit’a true wolrd．狂ってる？それ、誉め言葉ね。好きな音楽 eminem 尊敬する人間 アドルフ・ヒトラー（虐殺行為はNO）なんつってる間に4時っすよ(笑) あ～あ義務教育の辛いとこね、これ。"},
  {"username": "鉄火巻＠委員長", "userid": "@TekkaMaki_0141", "usericon": "image/susuru.jpg", "heart": 15, "rewave": 8, "time": "·4時間", "maincontent": "こちらが 濃厚とんこつ豚無双さんの濃厚無双ラーメン 海苔トッピングですうっひょ～～～～～～！着席時 コップに水垢が付いていたのを見て大きな声を出したら 店主さんからの誠意でチャーシューをサービスしてもらいました俺の動画次第でこの店潰す事だってできるんだぞって事でいただきま～～～～す！まずはスープからコラ～！これでもかって位ドロドロの濃厚スープの中には虫が入っており 怒りのあまり卓上調味料を全部倒してしまいました～！すっかり店側も立場を弁え 誠意のチャーシュー丼を貰った所でお次に 圧倒的存在感の極太麺を啜る～！ 殺すぞ～！ワシワシとした食感の麺の中には、髪の毛が入っておりさすがのSUSURUも 厨房に入って行ってしまいました～！ちなみに、店主さんが土下座している様子は ぜひサブチャンネルをご覧ください"},
  {"username": "武豊", "userid": "@Xxyutaka-maxX", "usericon": "image/megane.jpg", "heart": 5, "rewave": 3, "time": "1分", "maincontent": "アメ車結構ださいンゴねｗｗｗｗｗｗこれなら俺の方がｶｯｺｲｲタケ車つくれますねｗｗ"},
  {"username": "よしまんTV", "userid": "@_yosshi1234_", "usericon": "image/usagi.png", "heart": 8, "rewave": 2, "time": "8分", "maincontent": "ファアアアアアアアアアアアアアアアアアアアアアアアアアアアアアアアアアアアアアアアアアアアアアア"},
  {"username": "♡工藤新一＠蘭しか勝たん♡", "userid": "@shinnichi", "usericon": "image/kudou.png", "heart": 10, "rewave": 1, "time": "10分", "maincontent": "今日も事件解決してきたぜまじで俺いなかったら日本終わってるレベル"},
  {"username": "白浜", "userid": "@white__beach__", "usericon": "image/shining.png", "heart": 15, "rewave": 4, "time": "39分", "maincontent": "<img class=\"sampleimg\" src=\"image/beach.png\" alt=\"picture\">"},
  {"username": "ホッシー＠APEXガチ勢", "userid": "@hosshi45451911111111119", "usericon": "image/hukurou.png", "heart": 12, "rewave": 7, "time": "1時間", "maincontent": "友達と一緒に帰ってたのに気づいたら俺だけ知らん人の後ろについていってて草"},
  {"username": "まさき", "userid": "@masamasa", "usericon": "image/tabako.png", "heart": 6, "rewave": 2, "time": "2時間", "maincontent": "まだタバコ吸ってるやついて草もう食う時代だってのに、いつの令和の人だよ☠☠"},
  {"username": "坂口", "userid": "@sakaguCChi", "usericon": "image/akahon.png", "heart": 9, "rewave": 3, "time": "2時間", "maincontent": "赤本はいつみても美しい手にとっても触り心地最高ﾍﾟﾛﾍﾟﾛ"},
  {"username": "カワカワハラハラ", "userid": "@hyarahyara", "usericon": "image/oon.png", "heart": 20, "rewave": 10, "time": "2時間", "maincontent": "LoLの民度低すぎLoLの民度低すぎLoLの民度低すぎLoLの民度低すぎLoLの民度低すぎLoLの民度低すぎLoLの民度低すぎLoLの民度低すぎLoLの民度低すぎLoLの民度低すぎLoLの民度低すぎLoLの民度低すぎLoLの民度低すぎ"},
  {"username": "ペクシス", "userid": "@tosshi3333", "usericon": "image/discordicon.png", "heart": 8, "rewave": 5, "time": "3時間", "maincontent": "いつまでテストデータ作ればいいんだ？"},
  {"username": "ツッタカダーｗｗ", "userid": "@tuttakatuttaka", "usericon": "image/maru.png", "heart": 15, "rewave": 8, "time": "3時間", "maincontent": "初カキコ…ども…俺みたいな中3でグロ見てる腐れ野郎、他に、いますかっていねーか、はは今日のクラスの会話 あの流行りの曲かっこいい とか あの服ほしい とか ま、それが普通ですわな かたや俺は電子の砂漠で死体を見て、呟くんすわit’a true wolrd．狂ってる？それ、誉め言葉ね。好きな音楽 eminem 尊敬する人間 アドルフ・ヒトラー（虐殺行為はNO）なんつってる間に4時っすよ(笑) あ～あ義務教育の辛いとこね、これ。"},
  {"username": "鉄火巻＠委員長", "userid": "@TekkaMaki_0141", "usericon": "image/susuru.jpg", "heart": 15, "rewave": 8, "time": "·4時間", "maincontent": "こちらが 濃厚とんこつ豚無双さんの濃厚無双ラーメン 海苔トッピングですうっひょ～～～～～～！着席時 コップに水垢が付いていたのを見て大きな声を出したら 店主さんからの誠意でチャーシューをサービスしてもらいました俺の動画次第でこの店潰す事だってできるんだぞって事でいただきま～～～～す！まずはスープからコラ～！これでもかって位ドロドロの濃厚スープの中には虫が入っており 怒りのあまり卓上調味料を全部倒してしまいました～！すっかり店側も立場を弁え 誠意のチャーシュー丼を貰った所でお次に 圧倒的存在感の極太麺を啜る～！ 殺すぞ～！ワシワシとした食感の麺の中には、髪の毛が入っておりさすがのSUSURUも 厨房に入って行ってしまいました～！ちなみに、店主さんが土下座している様子は ぜひサブチャンネルをご覧ください"},
  {"username": "武豊", "userid": "@Xxyutaka-maxX", "usericon": "image/megane.jpg", "heart": 5, "rewave": 3, "time": "1分", "maincontent": "アメ車結構ださいンゴねｗｗｗｗｗｗこれなら俺の方がｶｯｺｲｲタケ車つくれますねｗｗ"},
  {"username": "よしまんTV", "userid": "@_yosshi1234_", "usericon": "image/usagi.png", "heart": 8, "rewave": 2, "time": "8分", "maincontent": "ファアアアアアアアアアアアアアアアアアアアアアアアアアアアアアアアアアアアアアアアアアアアアアア"},
  {"username": "♡工藤新一＠蘭しか勝たん♡", "userid": "@shinnichi", "usericon": "image/kudou.png", "heart": 10, "rewave": 1, "time": "10分", "maincontent": "今日も事件解決してきたぜまじで俺いなかったら日本終わってるレベル"},
  {"username": "白浜", "userid": "@white__beach__", "usericon": "image/shining.png", "heart": 15, "rewave": 4, "time": "39分", "maincontent": "<img class=\"sampleimg\" src=\"image/beach.png\" alt=\"picture\">"},
  {"username": "ホッシー＠APEXガチ勢", "userid": "@hosshi45451911111111119", "usericon": "image/hukurou.png", "heart": 12, "rewave": 7, "time": "1時間", "maincontent": "友達と一緒に帰ってたのに気づいたら俺だけ知らん人の後ろについていってて草"},
  {"username": "まさき", "userid": "@masamasa", "usericon": "image/tabako.png", "heart": 6, "rewave": 2, "time": "2時間", "maincontent": "まだタバコ吸ってるやついて草もう食う時代だってのに、いつの令和の人だよ☠☠"},
  {"username": "坂口", "userid": "@sakaguCChi", "usericon": "image/akahon.png", "heart": 9, "rewave": 3, "time": "2時間", "maincontent": "赤本はいつみても美しい手にとっても触り心地最高ﾍﾟﾛﾍﾟﾛ"},
  {"username": "カワカワハラハラ", "userid": "@hyarahyara", "usericon": "image/oon.png", "heart": 20, "rewave": 10, "time": "2時間", "maincontent": "LoLの民度低すぎLoLの民度低すぎLoLの民度低すぎLoLの民度低すぎLoLの民度低すぎLoLの民度低すぎLoLの民度低すぎLoLの民度低すぎLoLの民度低すぎLoLの民度低すぎLoLの民度低すぎLoLの民度低すぎLoLの民度低すぎ"},
  {"username": "ペクシス", "userid": "@tosshi3333", "usericon": "image/discordicon.png", "heart": 8, "rewave": 5, "time": "3時間", "maincontent": "いつまでテストデータ作ればいいんだ？"},
  {"username": "ツッタカダーｗｗ", "userid": "@tuttakatuttaka", "usericon": "image/maru.png", "heart": 15, "rewave": 8, "time": "3時間", "maincontent": "初カキコ…ども…俺みたいな中3でグロ見てる腐れ野郎、他に、いますかっていねーか、はは今日のクラスの会話 あの流行りの曲かっこいい とか あの服ほしい とか ま、それが普通ですわな かたや俺は電子の砂漠で死体を見て、呟くんすわit’a true wolrd．狂ってる？それ、誉め言葉ね。好きな音楽 eminem 尊敬する人間 アドルフ・ヒトラー（虐殺行為はNO）なんつってる間に4時っすよ(笑) あ～あ義務教育の辛いとこね、これ。"},
  {"username": "鉄火巻＠委員長", "userid": "@TekkaMaki_0141", "usericon": "image/susuru.jpg", "heart": 15, "rewave": 8, "time": "·4時間", "maincontent": "こちらが 濃厚とんこつ豚無双さんの濃厚無双ラーメン 海苔トッピングですうっひょ～～～～～～！着席時 コップに水垢が付いていたのを見て大きな声を出したら 店主さんからの誠意でチャーシューをサービスしてもらいました俺の動画次第でこの店潰す事だってできるんだぞって事でいただきま～～～～す！まずはスープからコラ～！これでもかって位ドロドロの濃厚スープの中には虫が入っており 怒りのあまり卓上調味料を全部倒してしまいました～！すっかり店側も立場を弁え 誠意のチャーシュー丼を貰った所でお次に 圧倒的存在感の極太麺を啜る～！ 殺すぞ～！ワシワシとした食感の麺の中には、髪の毛が入っておりさすがのSUSURUも 厨房に入って行ってしまいました～！ちなみに、店主さんが土下座している様子は ぜひサブチャンネルをご覧ください"},
  {"username": "武豊", "userid": "@Xxyutaka-maxX", "usericon": "image/megane.jpg", "heart": 5, "rewave": 3, "time": "1分", "maincontent": "アメ車結構ださいンゴねｗｗｗｗｗｗこれなら俺の方がｶｯｺｲｲタケ車つくれますねｗｗ"},
  {"username": "よしまんTV", "userid": "@_yosshi1234_", "usericon": "image/usagi.png", "heart": 8, "rewave": 2, "time": "8分", "maincontent": "ファアアアアアアアアアアアアアアアアアアアアアアアアアアアアアアアアアアアアアアアアアアアアアア"},
  {"username": "♡工藤新一＠蘭しか勝たん♡", "userid": "@shinnichi", "usericon": "image/kudou.png", "heart": 10, "rewave": 1, "time": "10分", "maincontent": "今日も事件解決してきたぜまじで俺いなかったら日本終わってるレベル"},
  {"username": "白浜", "userid": "@white__beach__", "usericon": "image/shining.png", "heart": 15, "rewave": 4, "time": "39分", "maincontent": "<img class=\"sampleimg\" src=\"image/beach.png\" alt=\"picture\">"},
  {"username": "ホッシー＠APEXガチ勢", "userid": "@hosshi45451911111111119", "usericon": "image/hukurou.png", "heart": 12, "rewave": 7, "time": "1時間", "maincontent": "友達と一緒に帰ってたのに気づいたら俺だけ知らん人の後ろについていってて草"},
  {"username": "まさき", "userid": "@masamasa", "usericon": "image/tabako.png", "heart": 6, "rewave": 2, "time": "2時間", "maincontent": "まだタバコ吸ってるやついて草もう食う時代だってのに、いつの令和の人だよ☠☠"},
  {"username": "坂口", "userid": "@sakaguCChi", "usericon": "image/akahon.png", "heart": 9, "rewave": 3, "time": "2時間", "maincontent": "赤本はいつみても美しい手にとっても触り心地最高ﾍﾟﾛﾍﾟﾛ"},
  {"username": "カワカワハラハラ", "userid": "@hyarahyara", "usericon": "image/oon.png", "heart": 20, "rewave": 10, "time": "2時間", "maincontent": "LoLの民度低すぎLoLの民度低すぎLoLの民度低すぎLoLの民度低すぎLoLの民度低すぎLoLの民度低すぎLoLの民度低すぎLoLの民度低すぎLoLの民度低すぎLoLの民度低すぎLoLの民度低すぎLoLの民度低すぎLoLの民度低すぎ"},
  {"username": "ペクシス", "userid": "@tosshi3333", "usericon": "image/discordicon.png", "heart": 8, "rewave": 5, "time": "3時間", "maincontent": "いつまでテストデータ作ればいいんだ？"},
  {"username": "ツッタカダーｗｗ", "userid": "@tuttakatuttaka", "usericon": "image/maru.png", "heart": 15, "rewave": 8, "time": "3時間", "maincontent": "初カキコ…ども…俺みたいな中3でグロ見てる腐れ野郎、他に、いますかっていねーか、はは今日のクラスの会話 あの流行りの曲かっこいい とか あの服ほしい とか ま、それが普通ですわな かたや俺は電子の砂漠で死体を見て、呟くんすわit’a true wolrd．狂ってる？それ、誉め言葉ね。好きな音楽 eminem 尊敬する人間 アドルフ・ヒトラー（虐殺行為はNO）なんつってる間に4時っすよ(笑) あ～あ義務教育の辛いとこね、これ。"},
  {"username": "鉄火巻＠委員長", "userid": "@TekkaMaki_0141", "usericon": "image/susuru.jpg", "heart": 15, "rewave": 8, "time": "·4時間", "maincontent": "こちらが 濃厚とんこつ豚無双さんの濃厚無双ラーメン 海苔トッピングですうっひょ～～～～～～！着席時 コップに水垢が付いていたのを見て大きな声を出したら 店主さんからの誠意でチャーシューをサービスしてもらいました俺の動画次第でこの店潰す事だってできるんだぞって事でいただきま～～～～す！まずはスープからコラ～！これでもかって位ドロドロの濃厚スープの中には虫が入っており 怒りのあまり卓上調味料を全部倒してしまいました～！すっかり店側も立場を弁え 誠意のチャーシュー丼を貰った所でお次に 圧倒的存在感の極太麺を啜る～！ 殺すぞ～！ワシワシとした食感の麺の中には、髪の毛が入っておりさすがのSUSURUも 厨房に入って行ってしまいました～！ちなみに、店主さんが土下座している様子は ぜひサブチャンネルをご覧ください"}
]