[ {
  "waveID" : 21,
  "username" : "ペクシス",
  "userid" : "tosshi3333",
  "user_img" : "/HF21/image/discordicon.png",
  "time" : 1,
  "maincontent" : "ツイフェミを馬鹿にしてる貴方も、<br>\n                              いつ何時どんな経緯で「仲間」からツイフェミ扱いされたり、<br>\n                              本当にツイフェミと化すか知れたモノではないわよ。",
  "imgID1" : "none",
  "imgID2" : "none",
  "imgID3" : "none",
  "imgID4" : "none",
  "posttime" : "2023-10-17 13:35:41.0",
  "heart" : "1",
  "rewave" : "1",
  "views" : "282",
  "reply" : "null"
}, {
  "waveID" : 12,
  "username" : "武豊",
  "userid" : "take",
  "user_img" : "/HF21/image/megane.jpg",
  "time" : 1,
  "maincontent" : "肉食いに行くわ",
  "imgID1" : "none",
  "imgID2" : "none",
  "imgID3" : "none",
  "imgID4" : "none",
  "posttime" : "2023-10-06 12:39:08.0",
  "heart" : "0",
  "rewave" : "0",
  "views" : "254",
  "reply" : "null"
}, {
  "waveID" : 16,
  "username" : "?工藤新一＠蘭しか勝たん?",
  "userid" : "shinnichi",
  "user_img" : "/HF21/image/kudou.png",
  "time" : 1,
  "maincontent" : "過敏性腸症候群ウヒョーー",
  "imgID1" : "none",
  "imgID2" : "none",
  "imgID3" : "none",
  "imgID4" : "none",
  "posttime" : "2023-10-06 11:09:02.0",
  "heart" : "0",
  "rewave" : "0",
  "views" : "237",
  "reply" : "null"
}, {
  "waveID" : 15,
  "username" : "?工藤新一＠蘭しか勝たん?",
  "userid" : "shinnichi",
  "user_img" : "/HF21/image/kudou.png",
  "time" : 1,
  "maincontent" : "胃に穴空いたわ",
  "imgID1" : "none",
  "imgID2" : "none",
  "imgID3" : "none",
  "imgID4" : "none",
  "posttime" : "2023-10-06 11:04:35.0",
  "heart" : "0",
  "rewave" : "0",
  "views" : "239",
  "reply" : "null"
}, {
  "waveID" : 11,
  "username" : "武豊",
  "userid" : "take",
  "user_img" : "/HF21/image/megane.jpg",
  "time" : 1,
  "maincontent" : "まじで、だるい",
  "imgID1" : "none",
  "imgID2" : "none",
  "imgID3" : "none",
  "imgID4" : "none",
  "posttime" : "2023-10-06 09:16:59.0",
  "heart" : "1",
  "rewave" : "0",
  "views" : "237",
  "reply" : "null"
}, {
  "waveID" : 10,
  "username" : "武豊",
  "userid" : "take",
  "user_img" : "/HF21/image/megane.jpg",
  "time" : 1,
  "maincontent" : "ういーす",
  "imgID1" : "none",
  "imgID2" : "none",
  "imgID3" : "none",
  "imgID4" : "none",
  "posttime" : "2023-10-06 09:10:11.0",
  "heart" : "0",
  "rewave" : "0",
  "views" : "237",
  "reply" : "null"
}, {
  "waveID" : 14,
  "username" : "?工藤新一＠蘭しか勝たん?",
  "userid" : "shinnichi",
  "user_img" : "/HF21/image/kudou.png",
  "time" : 1,
  "maincontent" : "とてつもなく腹痛い",
  "imgID1" : "none",
  "imgID2" : "none",
  "imgID3" : "none",
  "imgID4" : "none",
  "posttime" : "2023-10-06 08:22:34.0",
  "heart" : "0",
  "rewave" : "0",
  "views" : "237",
  "reply" : "null"
}, {
  "waveID" : 13,
  "username" : "?工藤新一＠蘭しか勝たん?",
  "userid" : "shinnichi",
  "user_img" : "/HF21/image/kudou.png",
  "time" : 1,
  "maincontent" : "120人全員片岡利幸になった<br>\nウケル",
  "imgID1" : "none",
  "imgID2" : "none",
  "imgID3" : "none",
  "imgID4" : "none",
  "posttime" : "2023-10-05 22:33:43.0",
  "heart" : "0",
  "rewave" : "0",
  "views" : "237",
  "reply" : "null"
}, {
  "waveID" : 20,
  "username" : "ツッタカダーｗｗ",
  "userid" : "tuttakatuttaka",
  "user_img" : "/HF21/image/maru.png",
  "time" : 1,
  "maincontent" : "丸亀時間内に行って戻ってこれた!!!!!!!",
  "imgID1" : "none",
  "imgID2" : "none",
  "imgID3" : "none",
  "imgID4" : "none",
  "posttime" : "2023-10-05 12:59:21.0",
  "heart" : "0",
  "rewave" : "0",
  "views" : "69",
  "reply" : "null"
}, {
  "waveID" : 19,
  "username" : "ツッタカダーｗｗ",
  "userid" : "tuttakatuttaka",
  "user_img" : "/HF21/image/maru.png",
  "time" : 1,
  "maincontent" : "なんとかギリ....",
  "imgID1" : "none",
  "imgID2" : "none",
  "imgID3" : "none",
  "imgID4" : "none",
  "posttime" : "2023-10-05 12:57:50.0",
  "heart" : "0",
  "rewave" : "0",
  "views" : "69",
  "reply" : "null"
}, {
  "waveID" : 18,
  "username" : "ツッタカダーｗｗ",
  "userid" : "tuttakatuttaka",
  "user_img" : "/HF21/image/maru.png",
  "time" : 1,
  "maincontent" : "やばい",
  "imgID1" : "none",
  "imgID2" : "none",
  "imgID3" : "none",
  "imgID4" : "none",
  "posttime" : "2023-10-05 12:51:44.0",
  "heart" : "0",
  "rewave" : "0",
  "views" : "69",
  "reply" : "null"
}, {
  "waveID" : 17,
  "username" : "ツッタカダーｗｗ",
  "userid" : "tuttakatuttaka",
  "user_img" : "/HF21/image/maru.png",
  "time" : 1,
  "maincontent" : "うーん",
  "imgID1" : "none",
  "imgID2" : "none",
  "imgID3" : "none",
  "imgID4" : "none",
  "posttime" : "2023-10-05 12:43:15.0",
  "heart" : "0",
  "rewave" : "0",
  "views" : "69",
  "reply" : "null"
}, {
  "waveID" : 9,
  "username" : "武豊",
  "userid" : "take",
  "user_img" : "/HF21/image/megane.jpg",
  "time" : 1,
  "maincontent" : "丸亀しか勝たん!!!",
  "imgID1" : "none",
  "imgID2" : "none",
  "imgID3" : "none",
  "imgID4" : "none",
  "posttime" : "2023-10-05 12:41:42.0",
  "heart" : "0",
  "rewave" : "0",
  "views" : "69",
  "reply" : "null"
}, {
  "waveID" : 8,
  "username" : "ホッシー＠APEXガチ勢",
  "userid" : "hosshi454519119",
  "user_img" : "/HF21/image/hukurou.png",
  "time" : 1,
  "maincontent" : "あーなるほど、そういうことね",
  "imgID1" : "none",
  "imgID2" : "none",
  "imgID3" : "none",
  "imgID4" : "none",
  "posttime" : "2023-10-05 10:31:18.0",
  "heart" : "0",
  "rewave" : "0",
  "views" : "69",
  "reply" : "null"
}, {
  "waveID" : 7,
  "username" : "ホッシー＠APEXガチ勢",
  "userid" : "hosshi454519119",
  "user_img" : "/HF21/image/hukurou.png",
  "time" : 1,
  "maincontent" : "え!?それってどういう.....",
  "imgID1" : "none",
  "imgID2" : "none",
  "imgID3" : "none",
  "imgID4" : "none",
  "posttime" : "2023-10-05 10:30:29.0",
  "heart" : "0",
  "rewave" : "0",
  "views" : "69",
  "reply" : "null"
}, {
  "waveID" : 4,
  "username" : "鉄火巻＠委員長",
  "userid" : "TekkaMaki_0141",
  "user_img" : "/HF21/image/susuru.jpg",
  "time" : 1,
  "maincontent" : "あ゛ーー!!!!!!!!!!!!!!!!!!!!!!<br>\n        あ゛だまい゛でーーーーーーーーーー!!!!!!!<br>\n        の゛み゛すぎたーーーーーーーーーーーーーーーーーー!!!!!!!",
  "imgID1" : "image/cat.jpg",
  "imgID2" : "image/cat2.jpg",
  "imgID3" : "image/cat.jpg",
  "imgID4" : "image/cat2.jpg",
  "posttime" : "2023-10-05 09:34:16.0",
  "heart" : "0",
  "rewave" : "0",
  "views" : "69",
  "reply" : "null"
}, {
  "waveID" : 6,
  "username" : "ホッシー＠APEXガチ勢",
  "userid" : "hosshi454519119",
  "user_img" : "/HF21/image/hukurou.png",
  "time" : 1,
  "maincontent" : "普通に遅刻した",
  "imgID1" : "none",
  "imgID2" : "none",
  "imgID3" : "none",
  "imgID4" : "none",
  "posttime" : "2023-10-05 09:21:04.0",
  "heart" : "0",
  "rewave" : "0",
  "views" : "49",
  "reply" : "null"
}, {
  "waveID" : 5,
  "username" : "ホッシー＠APEXガチ勢",
  "userid" : "hosshi454519119",
  "user_img" : "/HF21/image/hukurou.png",
  "time" : 1,
  "maincontent" : "うわーそれえぐいって!!",
  "imgID1" : "none",
  "imgID2" : "none",
  "imgID3" : "none",
  "imgID4" : "none",
  "posttime" : "2023-10-05 09:17:03.0",
  "heart" : "0",
  "rewave" : "0",
  "views" : "49",
  "reply" : "null"
}, {
  "waveID" : 3,
  "username" : "鉄火巻＠委員長",
  "userid" : "TekkaMaki_0141",
  "user_img" : "/HF21/image/susuru.jpg",
  "time" : 1,
  "maincontent" : "ストゼロ最高だぜー",
  "imgID1" : "image/cat.jpg",
  "imgID2" : "image/cat2.jpg",
  "imgID3" : "image/cat.jpg",
  "imgID4" : "none",
  "posttime" : "2023-10-04 21:50:32.0",
  "heart" : "0",
  "rewave" : "0",
  "views" : "48",
  "reply" : "null"
}, {
  "waveID" : 2,
  "username" : "鉄火巻＠委員長",
  "userid" : "TekkaMaki_0141",
  "user_img" : "/HF21/image/susuru.jpg",
  "time" : 1,
  "maincontent" : "酒が止まらないぜー",
  "imgID1" : "image/cat.jpg",
  "imgID2" : "image/cat2.jpg",
  "imgID3" : "none",
  "imgID4" : "none",
  "posttime" : "2023-10-04 21:10:40.0",
  "heart" : "0",
  "rewave" : "0",
  "views" : "48",
  "reply" : "null"
}, {
  "waveID" : 1,
  "username" : "鉄火巻＠委員長",
  "userid" : "TekkaMaki_0141",
  "user_img" : "/HF21/image/susuru.jpg",
  "time" : 1,
  "maincontent" : "今日のおつまみ、なににしよっかなー",
  "imgID1" : "image/cat.jpg",
  "imgID2" : "none",
  "imgID3" : "none",
  "imgID4" : "none",
  "posttime" : "2023-10-04 20:50:07.0",
  "heart" : "0",
  "rewave" : "0",
  "views" : "48",
  "reply" : "null"
}, {
  "waveID" : 22,
  "username" : "鉄火巻＠委員長",
  "userid" : "TekkaMaki_0141",
  "user_img" : "/HF21/image/susuru.jpg",
  "time" : 1,
  "maincontent" : "今日のおつまみ、なににしよっかなー",
  "imgID1" : "image/cat.jpg",
  "imgID2" : "none",
  "imgID3" : "none",
  "imgID4" : "none",
  "posttime" : "2023-10-04 20:50:07.0",
  "heart" : "0",
  "rewave" : "0",
  "views" : "48",
  "reply" : "null"
} ]